v0,v1,v2,y
0.46569115897682545,0.2851051125179167,0.5790857755146664,0.07254301242746619
0.015907593642984774,0.8803282193143556,0.23486802070693014,0.6109237996187583
0.24711305343246703,0.9923583549921486,0.14578288880805645,0.5966085538968467
0.6493631550318707,0.7235713595875685,0.9533273379951641,0.7752646950652584
0.7614338764036813,0.4074439044247802,0.17875037082898848,0.5195451534894469
0.8724219067163673,0.9115552395176076,0.9583190496454731,0.9460990135048933
0.7296414289211203,0.9466392371527892,0.18875252356861194,0.2847478931179632
0.3055590893080222,0.4123967735536649,0.5425778738151378,0.21549463778097422
0.22353332640720136,0.29931828641076663,0.4541689166471671,0.8431230970931539
0.09064634086861545,0.33681851985437083,0.36397668936859884,0.8001040056302384
0.35542599854087964,0.3068327846415885,0.8167504848396661,0.07655329330416338
0.43191542345651324,0.49729309921826714,0.7626855673839833,0.652978625309987
0.48371272838638923,0.40546874339010686,0.811705210050329,0.2725245993356
0.7718336973563217,0.2973839248022959,0.46140699477248825,0.880868919874337
0.857774064219857,0.4234226423520753,0.5434289169621959,0.17266014315139022
0.5900285871561842,0.6624354499274694,0.7137341693782353,0.8337319389788345
0.7227772223903678,0.21290991019547167,0.3030099065154144,0.7685852744464944
0.5234430537419987,0.808308797312775,0.6842185396462404,0.1144962940540879
0.736791792621281,0.9410923230849781,0.012360857680929316,0.5716258262289476
0.3748239345653379,0.6636511637749503,0.7940101570174994,0.8669122493069729
0.3377583057057092,0.8409976460624078,0.7475637576799916,0.9187912945021504
0.19135662655988095,0.4685760307043345,0.5256323814788032,0.9973232994493166
0.2881574284949783,0.7121210785687087,0.7757240850128855,0.9913173671487043
0.1142271539416807,0.6210855273374963,0.8727364909595648,0.77353505503623
0.16404753302237807,0.7773344629241435,0.7722215642115646,0.9328859934485015
0.7733233732450457,0.23821562520211537,0.04092735663253255,0.2793398484150891
0.514828779717575,0.6926188333608573,0.9351490183707576,0.16745816255563095
0.8950430425263931,0.4366970186788577,0.8635593830208126,0.2390693111420601
0.9502033751937491,0.9942335598858536,0.4691575221169235,0.19920979236957614
0.6658376486759204,0.592537911077517,0.23076260323888054,0.10108938476363061
0.5542319195502695,0.20269819725399818,0.9160749036730733,0.7131747139214748
0.7453389275388631,0.860101507974296,0.30548474377563184,0.7762778495049729
0.470492072184449,0.2756286710620618,0.19847838136389118,0.22435746563717107
0.09203177318612865,0.8466199543941187,0.8840568065832759,0.8455119565466899
0.7770300139151379,0.6341926641643121,0.9977868751633334,0.6366798938856925
0.542138616831209,0.8878133107468581,0.7734103207496426,0.9427609693937127
0.6551542293331086,0.705146576438736,0.9203761271849692,0.2508788942518222
0.604749596848854,0.6885131222655535,0.0016398656149175794,0.3740167655438599
0.5176194681053317,0.5266064859568664,0.1842539073470162,3.637200434647436e-05
0.18665032979442164,0.34309141227491846,0.8771593508985099,0.28987925848486773
0.28191075405082533,0.7029836170373883,0.4340208131734633,0.9976722841529915
0.36333719900740846,0.5455449453585646,0.892127809040682,0.4168614968236488
0.16278088140467095,0.29231541703170383,0.899768862306714,0.7118911058474793
0.8874856961659929,0.7036693713631376,0.6118556709700089,0.044410448708973926
0.9553537527627266,0.22477951783949068,0.023679275257670884,0.8572207295814778
0.4839096077548045,0.28367107523206514,0.49786091953302214,0.6475904709928231
0.5067159832569669,0.8875671973692216,0.13198718425918154,0.19174575716155973
0.8299262848320074,0.3349662291337574,0.4391599122541032,0.6937513705047439
0.29643187826024964,0.25402627739758077,0.38398421863589327,0.8739893771420547
0.15035401114595903,0.19121224014661709,0.6882944517317497,0.03603095578456006
0.27679269559895825,0.6442923261533197,0.6051158344202345,0.13774039574126107
0.303984020105145,0.06320717144435839,0.9666709604136541,0.29617802960036665
0.2275365119553786,0.6348561440066323,0.5042660077158364,0.20608125420695156
0.5000228096185658,0.9426250903038924,0.7875948048248546,0.7640529228069775
0.7900559392113764,0.2443939265584033,0.16380822892899483,0.4943567321425595
0.09123548379686186,0.5422301124780348,0.482055542934677,0.03614000751402702
0.5582246101968452,0.04301799027471387,0.22885992833210234,0.5612383762944816
0.8848749762526825,0.37431571918289264,0.9583894480032252,0.18133354150089975
0.06128593687328432,0.3551607326949906,0.3734929186643162,0.30435349826279556
0.3646454197996224,0.1271417012106797,0.3575299884091244,0.638054191690046
0.5687113802250922,0.18477921426420452,0.22537444034911025,0.17588537846630903
0.9632605191322539,0.851734659056045,0.7799334514562841,0.3729488353612487
0.12260387596987221,0.06054691125488132,0.5619518291289319,0.5071828266792532
0.8769192532902923,0.3272732368939856,0.44465089243246614,0.9674112790739559
0.7172768998667344,0.7257673770977348,0.9746788912229889,0.46096232675573323
0.0838389397105459,0.5312318960317437,0.01897849198831758,0.46697920964082107
0.5998686815278556,0.8024967427667681,0.7930771195971733,0.572211832299866
0.5685253446183403,0.702289277053361,0.13537019168969178,0.571219337403209
0.050383734944784875,0.5190459071500689,0.6223015989647203,0.24316243986095754
0.9261715754362232,0.7548158619167709,0.9810376630971787,0.9577705976140659
0.5375654476608994,0.9753958982874138,0.8598086256994462,0.37714679359458236
0.4551514692777252,0.6580377460741735,0.48283850380892523,0.2728951040646248
0.357705962997522,0.3037797347150576,0.28080972367502166,0.9483074636205545
0.5185807918202191,0.6369804804439659,0.8916468059074383,0.7934611964056624
0.29332294357831534,0.21553823764217106,0.7571930214193076,0.13033352110150176
0.6514973900940754,0.6349203373339992,0.6462662159544795,0.539062040029668
0.7444895979379986,0.911633276592813,0.7056794080161126,0.11166661705330705
0.09930573196818182,0.42134587414856595,0.057090802136652075,0.9307857920396813
0.7711269345983086,0.5147897448564194,0.872329714938613,0.524781376412827
0.8436080959594002,0.8203458961300859,0.9050808592678035,0.9597570088677886
0.2247449292188919,0.9609875933609179,0.34377722819875633,0.6271329628882278
0.3872842784801195,0.8589689597634738,0.21146240976578046,0.6288155959588512
0.5737879173678299,0.6211065672598668,0.35724045778368174,0.9693519926593548
0.7105591556837322,0.26103680035443544,0.6836306590395405,0.5525788277881601
0.15695047486258928,0.10745622819323264,0.149086087912515,0.5578321099904687
0.9998651216430714,0.16816369840732837,0.13450863519207568,0.34362443355780437
0.21895664750322774,0.0034477538625765636,0.9718854967452641,0.9041879031946012
0.950100059117327,0.2099912512029487,0.7818503034491899,0.46208236599272257
0.7693241658854478,0.4517476872052745,0.780236835021569,0.24218271357472554
0.18917956719274298,0.35803301495430195,0.6268731862808973,0.07066667510218183
0.3374232425480913,0.4676223964740024,0.030923041224761416,0.6216459455659992
0.883627824243206,0.6199295470697164,0.7402347077903023,0.06269696294553084
0.8660717894630601,0.7433685732274282,0.7786328053307172,0.7096790373766796
0.7507078557705612,0.7058771778195245,0.5132794388666804,0.24890595645905356
0.5654647678951342,0.12590182823823448,0.1531759151725942,0.3462147924719783
0.18360669009465247,0.539518103766978,0.16009935943844855,0.272310293791304
0.988351813486561,0.061585765372467405,0.08602654952488642,0.15861513907485814
0.379202169478443,0.283411294035139,0.4847925767905523,0.652895618874668
0.4968177728485411,0.2888666215420709,0.16612054498494977,0.3951408783632846
0.7283062635573546,0.2786543512869172,0.45877682141379095,0.5874603785560035
0.5550481472991572,0.854305320461634,0.6391310768432842,0.8675820556393032
0.5841103963133873,0.5074576600718329,0.3683506406276468,0.20019643369643025
0.7310031049111491,0.738740178486065,0.6449141585326412,0.5014989360371052
0.3243205802308532,0.7994325032282601,0.8836186728432003,0.5801883670679565
0.788263444654112,0.8576275334096553,0.43769962213131486,0.6592640419568234
0.5351803153357654,0.8132579600731028,0.7749495531709579,0.8511959142107945
0.6331351437843864,0.4567910245032054,0.24450244501065255,0.11709231979030588
0.8460778192776603,0.2733629786933611,0.23572973571660127,0.466124071860354
0.13944147870625168,0.776216134685358,0.07470974718367185,0.015701939590420655
0.08852143222895525,0.5753826485393924,0.9172332965634485,0.06369028354533879
0.42514306388877776,0.007647670371338289,0.9988839972715482,0.13628957605982095
0.10709382370416931,0.25753556599589666,0.9421153910260718,0.1515059187836879
0.5017750963024127,0.8432094178551911,0.9113700846357095,0.003984040235761266
0.6419548886581217,0.9862286879926894,0.7801950994350539,0.08670449469703456
0.7658669417069571,0.8386458353167414,0.2588158738279621,0.01671890281373445
0.10357416539424047,0.19208523073688355,0.13108477076628122,0.39167801524070867
0.9017131505830336,0.8762429200221944,0.24944612685945988,0.4536722765834599
0.2694633464653273,0.9374560758473578,0.3050309445289723,0.18370932347860824
0.09502383452132124,0.9110618330073413,0.024290515773810473,0.22981798553006005
0.5710706683138763,0.2423006030516558,0.7273213343992068,0.6202738773556742
0.8015018764068724,0.7243522780048991,0.2096785333198985,0.1258566246543551
0.8882892225426545,0.9923483396855124,0.2395828381144406,0.9001192033787733
0.5840672283576113,0.20903207004500313,0.8510864678137361,0.5254118529301494
0.542012469053502,0.897180165023455,0.8294671690970911,0.8797554620565435
0.22431258052058434,0.7548894064638513,0.599528458778368,0.7730850573953404
0.0825597627718424,0.5999889802460343,0.3523187498968088,0.9710572467000904
0.02883777287411149,0.3870710444589779,0.6607887116955636,0.8886206761192701
0.23730544628611816,0.39688685573355253,0.5446318492477219,0.10709493611891319
0.6773294233347578,0.9360551478796929,0.2550415298257227,0.4525604867452666
0.9027388120143076,0.23226016661796567,0.1589049013041327,0.7332737354932691
0.5844314067022447,0.8453782251281826,0.8320825017831671,0.4395686712770849
0.9105104414953982,0.330010043414407,0.08653080202362662,0.3893248475555491
0.0402062604536656,0.1570741761923239,0.5050750391481825,0.26670108652540403
0.10429016326117113,0.40246823862058656,0.48654061862271225,0.6930232573858658
0.15628596788343319,0.6084468837049745,0.19091440098699808,0.36386533123402653
0.6133398843557325,0.8457941335495556,0.49073022417787904,0.17128175576053417
0.19070949958954897,0.47454645785056804,0.596404304356844,0.7121591382758237
0.8421511148748592,0.047352736053072,0.6783884138388948,0.5412993351684731
0.46159090277861914,0.026311018617009463,0.3860002447449066,0.34255912661293675
0.6471479283145473,0.7801215270463211,0.7622998103192058,0.6633916532715983
0.1911487432519111,0.5776471865445257,0.4771710983871038,0.7133452435002532
0.44079042246265265,0.8031280316221343,0.7164785169762456,0.31854028846446736
0.2769595320659809,0.022834608563556125,0.731203047982183,0.4267110265886245
0.18822205170198059,0.31967150986883874,0.21478109924504962,0.11041004574194901
0.20912415705594867,0.02571551216608614,0.4300673846563712,0.6507804137794183
0.0680357062855309,0.9657388590715694,0.048064919177143506,0.7629054084630045
0.16937613604556734,0.3819418371322376,0.3235251689094957,0.20535483492499107
0.03399683757731253,0.9697344671436205,0.07233577558094073,0.6845013407655367
0.7559610431042469,0.6247719608484457,0.9140767784039564,0.19202987323333942
0.7710816961603538,0.9466339261904194,0.31676095517099556,0.7653826976171225
0.9211519654773865,0.6075329764092832,0.415973543758985,0.1856178004234006
0.8801401827727581,0.01925153602200025,0.3160751340867174,0.35226000000124735
0.6623085681485599,0.27984896870722464,0.5064544959395096,0.6320266253323568
0.06283835320316467,0.5835929538044591,0.4539260097962524,0.9906832837138246
0.5431759151595249,0.893409695159889,0.8565963088664414,0.628380349467608
0.3343224809537855,0.27772673393581704,0.360429459474396,0.7067588440362262
0.37138510200510766,0.2855070282423743,0.49788757139368345,0.9633194553887288
0.5149099683445816,0.14124720527986745,0.5680032720325245,0.5919870533486918
0.5606060728198032,0.1536170028736752,0.47491500172788303,0.9709915788592713
0.9981770643298075,0.19218848251832654,0.42839930086395384,0.12758738712037554
0.042746005292651046,0.2805116886512965,0.18418012291458274,0.517649059552636
0.9829537673936871,0.812298779837191,0.9919905391477345,0.3133543973016861
0.8975967131101635,0.8021393451614738,0.29434228541993335,0.9031541445510769
0.42490527064158023,0.8638835297434648,0.4465608077179948,0.4891840215457487
0.9554468816199515,0.005108684976780076,0.6055771326752746,0.560357861263266
0.5816504557052147,0.610475094578238,0.24770122119702298,0.2886997795172459
0.7926627672307468,0.7798068426320117,0.7834210982334343,0.16822506980987784
0.5160767857815352,0.5513756672400901,0.8199323351738248,0.3659230077583141
0.940305861770775,0.4411523678791992,0.28933576722072063,0.8431506552350961
0.38887055036729945,0.2586548704552304,0.1536448711996401,0.7654208514907017
0.49265920800773977,0.012135641678178044,0.5783576298454965,0.3602361417140296
0.09159044754824053,0.16421470381056602,0.6467840654564877,0.7556763587123482
0.1446511395170107,0.17665039801053994,0.18587231778381863,0.3325699213696959
0.21948651757157334,0.5496682646726745,0.5347864193741756,0.3518191448736442
0.3850979200515777,0.6076828904505015,0.9006790536946498,0.6085921872331527
0.49300279488107346,0.49154037156127084,0.33169301872271884,0.3337663576684684
0.03905951890430548,0.9766638157758444,0.022161196148628548,0.9732377036613636
0.229515314810806,0.061689632687986995,0.4221997951795484,0.06076318338384057
0.6946220062840905,0.2720126243746084,0.31641349776733885,0.1279431724851231
0.24969475045341571,0.8167152631745024,0.8267820852906609,0.46271016215712946
0.4359046842276121,0.22826755715700875,0.8945881664163374,0.1183002131675962
0.19993882097205973,0.6499589187195683,0.051358341347875425,0.4129571861630129
0.9362119657064375,0.9875006671862474,0.8318899282797649,0.2380511841202293
0.44111396707550743,0.805517169974529,0.8599038594378177,0.950314204507958
0.6140799087592821,0.2302106051472591,0.26663591175661727,0.171448801623875
0.6914132646788074,0.6471630908635764,0.5462616159888957,0.6097297816782167
0.553619730909686,0.49879499990453025,0.3551196322184559,0.6173089072761164
0.03375852481411734,0.7524502147719547,0.6780294473263169,0.42249185099452724
0.5187754961678095,0.8251768902527525,0.5267916788584378,0.41680109173500346
0.9446069629920679,0.272275151658003,0.4654951487124118,0.23070549050055222
0.6895636673088407,0.5386033728492255,0.908819128603721,0.26459886059564985
0.4444355528871642,0.4657460205951568,0.7258333086857908,0.9578802840310268
0.20814318526793607,0.686140392863106,0.2346587928881141,0.43823969172137345
0.7490430663057208,0.20725509263221709,0.9795370899046513,0.38773383252370464
0.17359836563497533,0.3745373438028222,0.9143365950057288,0.7597957832081909
0.3547833577447689,0.5536314401980258,0.1663289304038853,0.1827283845158001
0.9472629311393299,0.23414194252388998,0.6962487683323564,0.7149753643110127
0.33588271171124584,0.7560938657138038,0.41733759791251035,0.3850588189316919
0.6595153895493593,0.08328119504452569,0.19861308905135466,0.5174182640711233
0.13206710869122285,0.17574548311124705,0.5623200087590698,0.05144446940174485
0.680451813200382,0.6440618183006098,0.6320263059219647,0.22360358277125292
0.9985705437633735,0.7369980208088008,0.5051206585556401,0.31615936524678234
0.8095763878265736,0.7916942217308361,0.5037344135177882,0.7647574198304056
0.25983563921081254,0.43218651884369874,0.707971300610158,0.1388483170322491
0.5805940384443077,0.7924352377881583,0.17966791837304352,0.08460389591738848
0.9348631627543952,0.8017637735218377,0.12872147521900246,0.522125693846509
0.9950491562386022,0.5637276995335962,0.7187039315240632,0.115810080498162
0.4606459176013459,0.21160158696617348,0.8604786840970979,0.47990319192064135
0.5794626386370965,0.6070345017339391,0.032108612574582085,0.8981641578782347
0.6617885000375646,0.1760356309359764,0.2378935441251694,0.3585055928945796
0.043985819625101286,0.17250311148031128,0.83581442623898,0.7292018190870578
0.3255988118655735,0.534361318986683,0.8757822977243535,0.6541108736550796
0.7135949085381585,0.6154609504377834,0.1832219330010998,0.7417278463844531
0.6417093676848732,0.6988598754918158,0.3972833017960006,0.5880062560124979
0.36807242024501086,0.34725943232250767,0.7911172200800932,0.10927767962865931
0.054926518791692414,0.7746710526765096,0.8011868213477287,0.7213692736153978
0.16116916550740779,0.6751354014589722,0.7051735015838912,0.7912550284117804
0.5166448771479628,0.3074977078331469,0.7395640872202539,0.03422447813690499
0.9495353803537225,0.9360181017280755,0.08941976594552226,0.16334860659021655
0.6970879950471164,0.26069851081743545,0.9204777311182356,0.5449769373042678
0.3805314294043084,0.27347289204685177,0.005292051716173862,0.9910205663365877
0.10986787702691692,0.7869622244963368,0.0510759054918134,0.7885181745226703
0.9672796630449353,0.9038534704035652,0.6272346701502887,0.3204366915297936
0.9481095818808435,0.22527141581762866,0.9233718661908271,0.9870106921665387
0.8099754864390425,0.6702657937566067,0.0727453787723713,0.1448382586173157
0.8247639221945432,0.783460597352032,0.1108178812733076,0.20566958590410744
0.8931868872395253,0.6540824146838932,0.7339079935726681,0.6177078211018708
0.683397339880962,0.564585988388463,0.6721145624393611,0.7003532965003589
0.13258014759670123,0.6705734356819504,0.13149036058781471,0.9002422161148037
0.9066347483615679,0.8822682255540328,0.8651089514175488,0.05687856657225776
0.5610910065128137,0.9709809173843208,0.8357947550144419,0.9847329166071775
0.47958679055137343,0.7744378752220964,0.23544550508968143,0.021475210451856297
0.9916466240844114,0.5738368552086944,0.6953017118073787,0.826733328095887
0.23469290480674865,0.04096401157796281,0.030567511487643695,0.3768536787485335
0.2777708640245239,0.02011850540057314,0.9961361245689032,0.9757411565318617
0.3736219697496417,0.6617765039520048,0.8928511058087929,0.17112851373218196
0.3286950796073016,0.12052367009067722,0.1887123496342088,0.6648012102378801
0.3884339958516798,0.6893781709764761,0.5186573904412115,0.26758421097995755
0.3024141240261833,0.2170844850501381,0.4777470961974143,0.23753505721389134
0.9486656807541988,0.4559799820677607,0.9123068406234927,0.7257353794504979
0.6365075296479974,0.10712370441582841,0.17417030818693113,0.48953616614505024
0.7108624009693623,0.7678578075332446,0.9345944945333052,0.3455959984664637
0.19389611913242122,0.30202713938513337,0.4686532231359457,0.5926844401295741
0.9845355537005006,0.9221887893667857,0.5008152413992335,0.8656078010132403
0.09012376253210763,0.3919024380015701,0.40092580583901205,0.5329580654186375
0.9149415199041909,0.5411645490231017,0.08539128690833253,0.15728667951537756
0.2681367263000748,0.8482651679112483,0.09570760105585552,0.44904723238028244
0.7174709033127046,0.5945723731744826,0.0967825796328512,0.21028414073532486
0.8611398914112129,0.7217257281383058,0.029310620509543917,0.7766049997712243
0.0966214422978302,0.20136138402827486,0.2858934716627527,0.1497400494960729
0.277601415736495,0.4615720704702043,0.3028767682998337,0.6303041047700207
0.6183088966511266,0.6786848016894581,0.23065033852059202,0.4974616147005124
0.11825944664998411,0.05263650218740512,0.35362002816333415,0.7570082291493473
0.042572389649694675,0.45473723082981254,0.7902284890629355,0.30791560487142267
0.028301633445038665,0.9154581608256708,0.7746200113655836,0.524723246245093
0.4221778151339288,0.8975580086103824,0.3026638750462861,0.7307396552157416
0.30220436984821863,0.26003208878097794,0.27080218799586153,0.22033057820900048
0.1631252563629313,0.07061459163023187,0.9155515120309643,0.3099361556222662
0.7691545808107506,0.7961396902413532,0.08419562204796038,0.4453453026041576
0.15832760521265976,0.34398219444364353,0.749802213398525,0.3160956300442127
0.6015238275360828,0.5102128877381507,0.4216498838016296,0.15569055959846878
0.1603952689823135,0.49381268042080484,0.7114074456475652,0.14789638607206956
0.8807420740659326,0.28319255422305556,0.19090196503841028,0.23306905419437707
0.7207023667947023,0.6243234965564252,0.3192432759495287,0.8533495828468591
0.8268090675835308,0.3720864004563541,0.07606931316793719,0.2186165615327441
0.9173195525298016,0.04686455045669857,0.2918988376270961,0.6869865312756626
0.34985200907906255,0.9044925891706378,0.12448629663052257,0.4396966873572149
0.6320314957783157,0.9516873433787452,0.8671700544355573,0.5484276328990841
0.9686905698800784,0.5572180523896846,0.34957187856750505,0.14935918563583228
0.6369263212177975,0.6581078869746377,0.646453607982321,0.18656912093919076
0.23682313657675114,0.8817372540046465,0.0008508965809683744,0.6093392044523523
0.513252981816901,0.5506292233395994,0.8429626178034968,0.426997816626114
0.21144058421571188,0.5938795092597623,0.19044527399989497,0.19560041459514377
0.5751964571701539,0.07323036774743041,0.1164968860763036,0.4931633523515998
0.7668471167474235,0.6012426848681746,0.8894914093680767,0.5975949229672656
0.21134745183736714,0.11608771243007776,0.28702840044278466,0.38473004209268835
0.054260908449983325,0.19773808344232202,0.22116326800056108,0.4072372731194879
0.6550599597620897,0.8180143819003229,0.3101746198605745,0.5566352595499239
0.12265838621232983,0.8629297995037487,0.9988056747685476,0.10869517935027218
0.48266758807576715,0.6468413572637504,0.3766483497038837,0.8399115676046147
0.2937630254743957,0.5521900655448697,0.7895111956570195,0.020269282942865008
0.03898552167682323,0.7779769670497064,0.5947554501748572,0.6605715692342355
0.18246446223017776,0.9166545975724679,0.3703961606502443,0.542037023507124
0.624288037849583,0.2753490247205952,0.47974835636856006,0.7524341568806929
0.0011909721078319224,0.6516189220011365,0.8742726042140211,0.29775186239408535
0.2853362199510888,0.5877045599596767,0.4072404782833202,0.8267194087434652
0.7210419385338881,0.5541850486961978,0.30264746801641484,0.41403535463065855
0.28604315078235387,0.47966769074948745,0.23298971527279966,0.7689739819276008
0.7568817293168753,0.3350038683415606,0.3938371403307436,0.38275850221607965
0.38543913544621733,0.8564616344203965,0.7824958540101835,0.3793717007811426
0.2860630917208986,0.3413239250148844,0.4123586771960467,0.4209613499514464
0.2849502448150987,0.28574221375415354,0.5578260451008545,0.40462200118629255
0.7016602659949945,0.6423878552882037,0.3206889819436265,0.6448814845228942
0.1842511758660439,0.36211855867558396,0.043295489325890335,0.03426314404939523
0.9402556665390018,0.8077931732773899,0.7867529009289044,0.6800468307459282
0.5087229599794348,0.40370433882741164,0.7064954495697776,0.5255217038651689
0.5008552598312225,0.6463017762013735,0.37082592775251266,0.15556865988302127
0.8856732299281916,0.454533650779562,0.775206767189009,0.7615550547961754
0.6914260866880494,0.3146889430246804,0.8328176256819683,0.9012324367965514
0.36819503369743256,0.8453262514173004,0.46567080316674236,0.557710148123598
0.3161447053812566,0.2560390401280074,0.19582413427521306,0.9188759817743173
0.09296866863795872,0.7076154711322689,0.1186323540456935,0.264664325187726
0.21722333440199248,0.8157449805798231,0.2683556873204578,0.47501320690092685
0.633265092087358,0.9353471015116135,0.2958112748249172,0.26209575920220896
0.6749292019656352,0.4594555393377938,0.3013117955729735,0.10771329085081671
0.21366281133317078,0.2833289025207084,0.7755840159256427,0.925981833778218
0.7642127893198368,0.46126792832095154,0.7695729760102352,0.5739479990039773
0.11966751578370893,0.8258399181613608,0.3645665378994498,0.07505855249798621
0.9710010166305655,0.06621468038819245,0.9817575906679261,0.4571148902857797
0.4863536221332756,0.9178466733046852,0.8755746875331262,0.42283077333963737
0.11127519211634307,0.0036722490293780163,0.9686701360918373,0.5287853466435652
0.7841591884125203,0.85612034402112,0.17127023444406742,0.73766642182861
0.6319514850069047,0.6303566202484632,0.8342219800195064,0.808052641602206
0.36024490304661183,0.7579262332841021,0.47882210526149116,0.8923092800421988
0.3129683190025776,0.2297711432811156,0.5726316900542692,0.8230534564384241
0.27842780085321617,0.6977367810087234,0.7657672301172705,0.424201639985343
0.5296522106533195,0.8588106730313213,0.4563014459030901,0.9933277198058666
0.35945173139552067,0.5867609515098422,0.9832762524107281,0.33591275813399435
0.2259634459409835,0.7706151873168361,0.9486519908171744,0.6346802742840769
0.3244275575771888,0.5122001754179634,0.41792056567617386,0.3450302277594285
0.8260498833794327,0.8775346326671455,0.9790211691737953,0.02776220199154822
0.5109043639800995,0.9641978030188144,0.5745240527679105,0.23928603686759653
0.5004402316754423,0.19711021579408872,0.03925639829770089,0.3769890243819215
0.8639319022693904,0.24922817131412556,0.004253076184064564,0.7162787180946683
0.6548612125076045,0.06071629407876211,0.8330685859641679,0.9997829376155152
0.4309170327727734,0.27067458453523996,0.527297659759906,0.7017111050038165
0.7343686319642502,0.5888742807876463,0.7450080746182489,0.8490634378055475
0.8487785187973488,0.7090286092083041,0.9171987763383856,0.006187473453400538
0.41213047887413234,0.6444375784247078,0.2557768604677342,0.2964003727900826
0.5806152731668119,0.9233452882519013,0.9024084610352641,0.7685293595053756
0.34419103684486096,0.8549767834823777,0.657858428322256,0.3441799131569182
0.6851410005231592,0.36152407998807967,0.7702985500135016,0.953089965007293
0.519511922548968,0.9280912315475164,0.022321973423056085,0.46536525434013876
0.6472190610410717,0.07555728581148835,0.7130907323506591,0.4864995379209912
0.10263311255858998,0.11499200055720549,0.02487381470606731,0.43225148248948164
0.6685045559158118,0.44938171832417995,0.5918778200602298,0.20191758638588453
0.7656472466176286,0.418095333535334,0.24450569718352555,0.980091640197391
0.595576559785123,0.9852112826271535,0.33206702322772486,0.8581516273626386
0.10700051750387052,0.6717829581141253,0.8336748148540657,0.32243222071051214
0.6673957413298547,0.5866824807804848,0.6311430128811678,0.33706869988590127
0.4464476282824428,0.29839361303058154,0.16979209633444603,0.7239745405313689
0.8470676934976149,0.4220241687188634,0.14086974555182952,0.5352220219792044
0.8851603918236328,0.6617726518918385,0.4241013435795644,0.3238920511643717
0.9983108269840093,0.5743993160657949,0.7647530971600981,0.9405172714687771
0.3384887800364501,0.5818061241126106,0.987611202680021,0.06833264610658019
0.47063073360478447,0.7279167838085255,0.8274200798195622,0.5517235497510798
0.4542351102321116,0.905419062138493,0.9364237402599318,0.2528472623589768
0.3417845189622123,0.749902018132901,0.969816006948417,0.4212558272742343
0.385280315637775,0.6577950559398447,0.44317358374354576,0.7409187500051505
0.9550955559123635,0.535648214588941,0.402928377310117,0.4550350285976861
0.28694755380327386,0.6055160389859036,0.2726173502799354,0.8994376924885543
0.052445741517129996,0.256889722443562,0.9183727064592185,0.5685102543284756
0.8132510350103879,0.3300056741131966,0.5101473146679278,0.4259284059270638
0.470403785364061,0.6559947668202027,0.1596854347248986,0.20535714095223867
0.7747319149029234,0.48426765704330943,0.3624702759898264,0.5229135435222705
0.665240069237034,0.8650956517240375,0.01711494426498883,0.12777338001730842
0.23298043549303704,0.862875297028588,0.38527904661057466,0.09611764754621044
0.016033505346116472,0.6987174809537154,0.10334872788441585,0.3180395655806161
0.9723828143509406,0.08567866290626225,0.3109928619354546,0.6748732892774392
0.0390026419995978,0.19942915159463326,0.3161781021076878,0.8069378280813738
0.4024597783876215,0.5325984260966817,0.5691876652087423,0.6060302260759521
0.13538862242749616,0.8612377779999171,0.2692879156783431,0.37814710805730867
0.19395918566363257,0.4725941065696395,0.08239435641872961,0.11501655356431562
0.8819760230976175,0.07885886920121044,0.8297475651762183,0.7373797579759364
0.033124070849631426,0.4154341884783881,0.038100588813736014,0.5574809632592984
0.7763501338736656,0.9865947763720906,0.5572492847639561,0.14745238376887604
0.6335453566601212,0.3207471489270711,0.8145253636844343,0.6915808888314128
0.12989557647075523,0.44512183992670906,0.7157997601326891,0.7034263168087431
0.5750879644189282,0.9591463299243461,0.8716374737363258,0.34128754308779463
0.5403642057258,0.5413538636597971,0.21191631924177812,0.17094353655172412
0.09987650443098706,0.49688583658128105,0.7679237360073914,0.7021795342685571
0.30039948321063836,0.02414419602040252,0.5735318117044853,0.21022050286571425
0.030361676185787667,0.09526275085972358,0.03071588118437829,0.07832955522490581
0.1797474248027905,0.16821782072394487,0.14085872884115547,0.17814746696095596
0.20937950621976342,0.7561958641353488,0.9703686200260075,0.7056634390109742
0.14180922434577647,0.35013747744422175,0.4400200210528131,0.8264805960447025
0.7173994130643444,0.19421281384482103,0.06545019105700645,0.6284425528416715
0.6244442162198196,0.21560541922547494,0.7961023283136324,0.17802482914966355
0.01836382774943246,0.7963522837575573,0.7007806108507734,0.23449166219154016
0.33253318759532857,0.15505919733592188,0.895170993005487,0.025980767691553996
0.8907629569822436,0.8374421460025149,0.9965937879530512,0.870569482815738
0.24586822846886647,0.28521127135288415,0.30490431625924763,0.9144048577377648
0.4955858970962713,0.3813278649144243,0.41526441776610223,0.2626940788811276
0.6696694955158009,0.8216056414308961,0.48854655015972537,0.9864105702991841
0.22128535015721262,0.19611695452956868,0.2413453403446445,0.9736952927713594
0.8267746068808758,0.6931620983329327,0.5644060356980224,0.14438898632712405
0.8899483364426191,0.06968684779429091,0.19192083314667963,0.08505958502689948
0.8790756039185038,0.15904634821813013,0.8482995731993429,0.9004572581557517
0.15529219171591102,0.5218557595690914,0.03436761845220038,0.15478102181996534
0.1265597959081467,0.22817746433089037,0.3670687408904172,0.5645165114102545
0.8734581827324551,0.02473666244919681,0.2213846353333354,0.42170428638874613
0.34949851793205067,0.7182003162331833,0.4157293522677725,0.14564416035649985
0.5650881847323227,0.46149416134851495,0.5523589601348032,0.8551594355999365
0.33693580731995554,0.9010009348122823,0.3115035525457883,0.07502853073018256
0.20797474879011868,0.547759020527543,0.3701527140885904,0.27074980541743165
0.16563281860850398,0.7497538352055766,0.18337423965998234,0.07743202601669008
0.444223957778745,0.5768674925022369,0.9522626821326281,0.5043909176493234
0.7666718112799119,0.6036450271296128,0.127603647570794,0.21188100025530765
0.5531682567228627,0.5925222228349375,0.41897095450589583,0.1558957005414061
0.6972532425175876,0.8774922470384436,0.3535092633884631,0.49753224128223716
0.43129408656545365,0.11689517827555651,0.9794357105641203,0.8534859022677252
0.7239691861962763,0.35102051919969046,0.5186848968411362,0.035979080203194846
0.39562048708232656,0.051801075407670316,0.05143799812941674,0.9859083274271792
0.6209544024276391,0.01887408910388233,0.2848523287586564,0.8003521766085496
0.8373744275397363,0.7556830311792796,0.44564188934290827,0.22402455430255164
0.18797724496320145,0.8083611859811625,0.2994623621855279,0.9877595251728302
0.6671586030291116,0.5844789121877169,0.8604063809699117,0.9458682937537531
0.40093592443712756,0.4582231789856809,0.4799668327065125,0.33929534957237417
0.8152272406708175,0.5908629654328611,0.8568974797438855,0.42223067047872087
0.27980290528194995,0.6011011051828994,0.4544276434038299,0.5980695292243368
0.7323861929084884,0.07475435508300632,0.8550732582504535,0.7384394408867992
0.7051101940555418,0.38681915716296766,0.4573038186154156,0.31416741881847066
0.009013313495381703,0.20307584491421882,0.09811597243225756,0.3799324577018035
0.3341791516043251,0.8902981628676214,0.8112526598020723,0.8049503939014494
0.8662596097044498,0.4916045276041585,0.9901314517310896,0.6592006803604821
0.6580495579370061,0.2775300987523147,0.6161741000889407,0.23958855618049368
0.3117604925691687,0.6329466627134778,0.3306960379395306,0.9864833757965229
0.03743237074379546,0.5126544412350268,0.4750836586774433,0.20908302361932907
0.43098365842518227,0.750520933412076,0.2691930815239548,0.5737738786311299
0.08299781464509293,0.25372738720885757,0.8569773745251931,0.7019299498671646
0.48387543767121244,0.7144624386944323,0.6867638782168333,0.395753173146805
0.3105619818533495,0.20889531933666317,0.5150306141269769,0.5944251881832188
0.9454366735856679,0.9928454568615392,0.9834935085526388,0.3083502905228832
0.2556527168858004,0.23615351000795826,0.8518841508863638,0.3055185149290318
0.5298847972050199,0.20510309902220358,0.2761876946677686,0.21804298525967158
0.6033999541247551,0.6979699862190057,0.012973077809320777,0.9622252872105472
0.8516495024854172,0.286509342580502,0.4988022370649515,0.8182264525148071
0.41618294310571746,0.743317464759782,0.379922952920673,0.15386036125534852
0.5526935094350011,0.18742161591287665,0.3577915994275729,0.11021673411013233
0.3541156360313763,0.627049682877325,0.04606555016698044,0.9924541317707849
0.901277592752976,0.6740348276875474,0.4942660805238117,0.05070377532967141
0.06682186514402833,0.019361101724226337,0.9314679968698109,0.6233357637137166
0.5956435926102662,0.4678594809233998,0.8434784319138758,0.4901338202415202
0.6227621728949159,0.4534222970459286,0.6846553129505939,0.6287932236628293
0.5622724275810669,0.9371322964355607,0.30190246894316064,0.0733110862607228
0.034704323442553475,0.18833941425437206,0.7068293018460385,0.7562342244918145
0.7942328520506855,0.9978383718123215,0.8973594040787727,0.3412858272792111
0.7016813273581382,0.8554823898748148,0.1198681441433096,0.3096547693934557
0.10665925617132033,0.888040752929433,0.38490785668942984,0.8904843064062805
0.52686286770963,0.3210840832137376,0.23960474060713688,0.6201256982849158
0.40403092758392956,0.2580187435648109,0.12686341280838276,0.3470629557538194
0.02020701624337884,0.3624163124413853,0.8120262342989887,0.32626072975792164
0.42854624737352165,0.8909700782199064,0.6285496642726932,0.7653829594986948
0.2795177877659193,0.7378573432418566,0.5643885097121483,0.13738775790653246
0.3100437030477531,0.9061995331339314,0.9781389911237443,0.3813299479376443
0.8017101145365323,0.457324153108405,0.9296588791790888,0.8812155161261853
0.8915034110110717,0.16768411897342228,0.5117427244823339,0.2262159360561914
0.971374985364948,0.0128807351966862,0.2736646775509419,0.025759373328466895
0.8334080438710979,0.2835331966694047,0.8129455543934647,0.4147375779741911
0.35111039529208743,0.628680836352633,0.1607820645071648,0.04856711434455607
0.3411967492856939,0.1951576912547982,0.5415353393599049,0.44850020650092504
0.6626491662312545,0.9986774724981988,0.25870669027796633,0.7697594053787372
0.32982617509961687,0.14939116853624423,0.48693233501252875,0.690224234011486
0.730866268777398,0.4822353459024816,0.6399001665378699,0.45482086117271703
0.4506786095334957,0.6270594631483045,0.6236327565129648,0.2582391688934591
0.7442893625625852,0.1344450957065051,0.8693784804179862,0.7466419111670547
0.815300306762662,0.7396678065904048,0.3720244302451994,0.34767520158556275
0.972120753521317,0.9450023356795421,0.7852417953305979,0.40978724089351093
0.2732510043293509,0.1945588672486478,0.9607999951103329,0.9201616278360211
0.24155387418425556,0.9431517763415782,0.07668980383457535,0.9816321780596285
0.275189803971592,0.9893644385405725,0.10431782882211471,0.3006264748596009
0.14075650013855645,0.5676545494346198,0.8090489939371188,0.7660011230934283
0.7141952175310967,0.8513174497695377,0.6245674272219993,0.8102687820466122
0.15187430785118938,0.581363077599786,0.6367908247799379,0.4193082069071876
0.5819835203446787,0.17684316028435199,0.47956782279879384,0.38523627281728634
0.13983041903026527,0.4999355819966027,0.9666571591221079,0.4283137078517112
0.5386847500633374,0.04909107950192104,0.9018892046399454,0.9226480565939006
0.38710658089570027,0.10153528008234114,0.3031986538533781,0.3783522236503699
0.5422335327882668,0.2921206350394465,0.6302287066462918,0.3353641541365864
0.022832178479011422,0.9078317834297148,0.5078309911356743,0.940931751203153
0.38367259837662615,0.006524985648170278,0.9628863049314405,0.9119912953913598
0.026030726711497754,0.6183704194757823,0.9068560316557119,0.6888829019268966
0.10586673425348392,0.3543357292894068,0.5477193231221363,0.27731706720529437
0.3957150331360614,0.49910561656744235,0.1416279716895279,0.9173018719991256
0.21527405490973062,0.5225855630799733,0.9791226659568895,0.8294817915140532
0.38420396459366724,0.05660972043353352,0.8020272862860985,0.948340364700229
0.1435037796736811,0.8290178623920612,0.17859895911540213,0.49018962766738317
0.3396250463122351,0.9176348607580087,0.03036405175915391,0.9533979530284193
0.6675400081390895,0.5202725812887423,0.704343033820479,0.4817125013767062
0.27903171904021273,0.18160343354280306,0.3302515783747392,0.470229799903373
0.31799932007701315,0.6676269352387124,0.748155621749262,0.2804582432006826
0.7315661265230043,0.6557816662611278,0.8448874052738508,0.30646561052363597
0.2680830047208329,0.6481034331865887,0.14976050290959686,0.9017523773921342
0.7003661350274945,0.7801225113017455,0.11295410933458361,0.8643112037263603
0.4623443092148808,0.6779937491944967,0.6860496573525546,0.65089994000025
0.7443514719983851,0.2508657606061714,0.4067712058560723,0.8384919632761715
0.6072399443682215,0.2585833445050749,0.9982351718974456,0.43437405491163483
0.6074037102259133,0.7415613955326322,0.26408021042110674,0.7078255949591264
0.09176304245291911,0.17094057402894347,0.8369565468998507,0.37387597956376517
0.7633850963324975,0.3489054187589776,0.33822571447450045,0.7787640021552072
0.1351549295489055,0.28288030299141753,0.35027702483289935,0.7694260294765327
0.8906717291495002,0.2617735756547348,0.5526593704755358,0.9457748436169944
0.131089633157359,0.09192972103876518,0.11590333068198833,0.004195205758027343
0.4029497320080113,0.4384081870162633,0.9826313933284051,0.6252116013945006
0.09927895732652348,0.21491200536683164,0.3805562745336549,0.8280260027768981
0.8790460516267131,0.8014770191607702,0.8932834177722625,0.8977426388301308
0.8366514972983989,0.6067284866174283,0.7393849510432793,0.07707317501141309
0.04447765580636198,0.8486370834760626,0.7838460132638764,0.13371247456867763
0.6229393821663323,0.9880314109052984,0.957211349125768,0.3220598152898082
0.41892397417789506,0.4633757886241925,0.2486789391649037,0.6957785369169743
0.8398175530018984,0.27038279982675295,0.04973112692823034,0.03518893278543167
0.9517210073351523,0.6892198205594309,0.4659228968118774,0.07411123415228671
0.3713475544769357,0.8543889468265006,0.619839860519132,0.8116142400228574
0.747233010174157,0.2773268574810903,0.07308695396637566,0.9378053996210024
0.7763442834172922,0.007449662912878963,0.44861345451681167,0.8454870856041278
0.12962721000837363,0.2282908823891615,0.3801888386320389,0.7302482575916082
0.3171973379007922,0.3915518399310395,0.6592231567862313,0.6644552906901096
0.3635609283040233,0.9710155815986845,0.3925320030690522,0.43275778839073986
0.4022274894180421,0.6634529173548054,0.18172898819985295,0.013369573995072881
0.26852875403110943,0.10372331211166985,0.2285198876666209,0.9830185955793113
0.1109580348994732,0.7503254772722597,0.5064827740991497,0.20399993923913762
0.29957606229436373,0.31189957552529324,0.42428852221841606,0.3661937305748294
0.9341344776698968,0.9361118698554093,0.34853493986606154,0.4836779485384751
0.19910645570409846,0.4059378237423632,0.08653214567627043,0.2829356472180674
0.36282160838113175,0.026981723173144512,0.8460286269504476,0.48646979785258837
0.2394945080685763,0.6373515421023118,0.6427640074617051,0.8884912624828244
0.8749521367703331,0.8594425665498933,0.4360809696784852,0.3619967688463175
0.6222304991362767,0.47760397260805376,0.3860378953395719,0.2824800593245119
0.5805767730989585,0.30698326148448185,0.12012971428825658,0.36784969146789603
0.352204581366769,0.5165244009507394,0.7594433044016495,0.4820416443643549
0.6099638850723403,0.6105421180165768,0.15020569396186556,0.9388191659933325
0.044415457206466114,0.8381645145779598,0.8795847896646598,0.1986762023103904
0.719708530088936,0.17045287759982208,0.18649348727443804,0.7461936218137227
0.24604543054652084,0.5420733144531795,0.4215955802435176,0.7665745559504725
0.04093765320987719,0.306085130874689,0.3818156652686643,0.8333671977682874
0.20337505285660595,0.47168357257260407,0.3926182203194635,0.8849869316537495
0.04194063499284928,0.9113595918845605,0.4587162554217731,0.5850841621702373
0.7045251489526388,0.5228553732636539,0.17944346321754512,0.665586290521828
0.7660871565230866,0.03455293076897803,0.8088631243771311,0.7931032080461305
0.7478281669825967,0.833614309163064,0.18517104051662614,0.1863851946693993
0.4260132172010376,0.2011513289453858,0.8520279155873999,0.3230295244417192
0.15929109973576128,0.36241654895759345,0.6080786769339507,0.08343576594172464
0.06964037136284795,0.9397355107337126,0.1791936651918712,0.21095551105678023
0.3698282287256205,0.835222969739899,0.3854154894631271,0.5832476811360173
0.5725225383503428,0.12114019388091002,0.3519313313479875,0.2397093060861033
0.41684162219623344,0.349805327820484,0.08334338584949508,0.8797974858046456
0.3579926258678091,0.44405607960667537,0.19289612423665858,0.8465626891489766
0.8746500434282959,0.768260182831925,0.9852910366639877,0.5889777637154905
0.7367175503705395,0.6164824310648183,0.2088650526639355,0.8861368156198806
0.7704824297532488,0.5058903105806641,0.8154401572716801,0.3329191832809705
0.03420956811672504,0.9102810599074294,0.5066167708032727,0.7807542948078665
0.5763149865669127,0.15929517548235728,0.36073260036028476,0.6292739114742445
0.7946765168372348,0.45975259872577867,0.32718666445979105,0.9191828212256349
0.0073941552701460855,0.7107848000533117,0.9484348111703002,0.32848406160383437
0.5444805395221088,0.20251695851584617,0.6253810286432588,0.4009896410437044
0.9124649627001192,0.7215779431079743,0.9701981775713604,0.4041290255489215
0.39961656654132005,0.11567083410054502,0.7550193967962449,0.5129186808758377
0.04833413250902141,0.3939491927582571,0.2944380884009645,0.4725769679795183
0.8524174663629903,0.6370566319050753,0.8833696915995258,0.16994607926779493
0.13007321512804093,0.8605604964583666,0.20835126882580557,0.8289878786684687
0.34447882001230146,0.9445112308277167,0.20997135767878705,0.3370029940788388
0.45484266880731516,0.694674005949039,0.7420084933722852,0.6956488700787932
0.798361987944655,0.6977367946602409,0.6500115858855483,0.4970562024285352
0.5264625319627221,0.7101912287670753,0.3496890793586689,0.582400587936524
0.7380628447772783,0.46188925886730314,0.7990721777903693,0.552849900873871
0.9111777638330936,0.5977855525271053,0.35148996382419795,0.39270494372065134
0.49512971304859577,0.17614568793045815,0.8358537356626652,0.6984183111521901
0.3230887821525805,0.10122082391926823,0.7720440419549199,0.83560848797646
0.16168334599670464,0.28236277173189783,0.5994977783800114,0.8897805920476508
0.47815429743460014,0.47438691507666786,0.3392978468358314,0.9010952322417558
0.4602589301488682,0.20436835621666394,0.24681337152715432,0.03221440303802903
0.5551514505595266,0.25399428736435214,0.8084890219332498,0.002629243528101788
0.13386517743978565,0.12538126601450894,0.05643892846123766,0.9740237943309102
0.03688828013668344,0.3982446926485955,0.5982217159520687,0.034894455268777325
0.3586748777781217,0.9363930052625408,0.47056798208445005,0.41511185152334995
0.42566641582234155,0.02476803100395575,0.2763926717341948,0.7630994399499154
0.49098240452345854,0.6532892077003322,0.1278690652888118,0.7571362837525788
0.26470003772285366,0.7365851957310708,0.30159748647645346,0.838388668160338
0.9808500347285773,0.023303031936206198,0.4378231161458723,0.43559758611026334
0.16173537380595715,0.9326651736278889,0.7423221046249413,0.9525984111530895
0.527686681694393,0.2702493988815753,0.4243609705647048,0.46348964954960536
0.4033518132293864,0.8401367055797377,0.5844924277540672,0.8285064230257898
0.9142582183397382,0.8598956173753337,0.1602608121908755,0.8843578800723886
0.8937380397407058,0.30436238056315024,0.9678105484582172,0.8649857925832365
0.8182287680851095,0.7596709679616591,0.42300203471901576,0.6320809783805817
0.761031223481393,0.007988760041011234,0.9565571088496665,0.5049951748560909
0.2668801494702422,0.31345130236724417,0.9420461688281623,0.8870490145298121
0.8529687526012614,0.26056830486983684,0.8141197876016796,0.6778355598352425
0.17086360010285184,0.09759348389932965,0.9678888098810737,0.5356527482970658
0.5600367160036166,0.6915496047771948,0.28451050527145183,0.6438369544138824
0.32268400778259376,0.29594869799052315,0.8181238869025921,0.8997390813601265
0.7093596972869974,0.66007866753936,0.45149459285893945,0.8664868436605704
0.5283632833944976,0.8382685298421568,0.005292811464045366,0.9020837292292364
0.5098436174843161,0.3546490874415289,0.6021111226564633,0.024389305985099252
0.8453607776110917,0.5475246027590434,0.9420762130471015,0.6482794165146973
0.18391387058055508,0.46540533574828546,0.5806350904313976,0.36972893149436326
0.2619723860104649,0.08963523433355292,0.9085494970015654,0.5057556316156772
0.7259596340207134,0.16580073862174516,0.5748378368077401,0.5880235064678081
0.7543079466370268,0.4119751597816508,0.9121772137513654,0.4768059688151908
0.48095396809489954,0.07280063655128532,0.8720317859611606,0.5717878878674014
0.08941531192361596,0.3811109352484342,0.9423655451788824,0.6049889386563119
0.264394960454841,0.3828515761983653,0.7246496603074706,0.8883363063506612
0.9561905852278357,0.3576159599871821,0.05166250189844179,0.5362265753084187
0.033248127552296336,0.9877940393155177,0.9663602295454121,0.5966721554702022
0.9814495173663953,0.8953636917985216,0.241222929131789,0.07862197469019283
0.5416246094296764,0.5531482028152859,0.9498062354265866,0.4148035762660246
0.10505961394194796,0.7842914870282777,0.539390809064928,0.32481426564589555
0.19207165440621932,0.20630045905853633,0.30660036804330637,0.26874865723682684
0.8820004880753008,0.6223093031707586,0.13193062235926378,0.6556495129402142
0.8702645903545184,0.7914563633511623,0.9584740894725378,0.9915952466788056
0.21408788079342644,0.571866468386526,0.15895949284999833,0.36529089200171283
0.5183857376542826,0.2764182404494653,0.5417232783359933,0.856132107275265
0.247732339998591,0.27796728032841644,0.1485861375394274,0.6351271683975026
0.10812798473537988,0.7339344672291899,0.1460904382460716,0.016020129797483018
0.07750739538698082,0.4276437940025233,0.039890825316287404,0.826568216257924
0.481740863491834,0.5800834525373689,0.08040612424050764,0.0937966237535558
0.11633345683577223,0.8024274437361818,0.103014903738198,0.8700074833049498
0.3450048952378856,0.45132589617225827,0.9543267485414733,0.8998824422874441
0.33593662343604636,0.6397593468508906,0.903928219304496,0.9024708724227136
0.6423804773753743,0.03299792508657795,0.41859393633558406,0.09081553292396893
0.6779724731022962,0.7844082502956929,0.0855031037274292,0.6767818424428692
0.12978462640168043,0.913598399860139,0.592645877687817,0.7165752243858808
0.20776339857835713,0.18526607905899506,0.26774827720421646,0.05485928592587874
0.1154324995472421,0.9784202696360161,0.8816550779840862,0.9078917204914977
0.21334247929625505,0.5814502459563733,0.5920160335017193,0.22503928847311028
0.6685393517695989,0.7582297392076651,0.1945196111583386,0.22307198861268795
0.5552870039076062,0.06440991677324892,0.029428100357138942,0.8123161312480153
0.45841632354275963,0.6879614959962698,0.21545403473485691,0.6870372946882033
0.2443768004625928,0.20465027031840755,0.984719196696317,0.36754247621096703
0.1650119417167173,0.16572821611353683,0.4245375077356741,0.8504804537226218
0.9276415660545467,0.6257468313255306,0.7663354762035155,0.3421652049559851
0.3950514490193754,0.7554308957737382,0.6801592558355489,0.285933330694782
0.7963841906324298,0.5023707752473133,0.23659505502188782,0.25789062078641234
0.2640722713959345,0.8288051615413681,0.3421982237620732,0.13517211907263438
0.267825396221574,0.7697474341314751,0.3096730965361646,0.1803615669327644
0.9957982445980544,0.4135659507964372,0.10251732954310966,0.6208643618347474
0.13628522397872267,0.08847459955206616,0.4901446957103909,0.34857063804725963
0.5256874475360479,0.5735196822208483,0.10641349277266865,0.3336949939720132
0.6736979315197444,0.5265606547116968,0.8448370504333949,0.7146213590793035
0.32842670960915576,0.10709225909680575,0.7349944433797795,0.5066756763042976
0.6961259522402011,0.4208535393398204,0.7685194664525629,0.8214966038269084
0.8163902881590662,0.4163070009339266,0.6558435264550575,0.11953082537484316
0.24049222249205238,0.5756420507829708,0.6003935577924445,0.9507929160467843
0.6439511310162049,0.9628405274836023,0.42752580817406927,0.5889820410527157
0.08574519510199896,0.023597348247933247,0.8037803906582456,0.7770655625988776
0.42223584531644787,0.934212231904078,0.553426888935257,0.20818079647685306
0.32860986114272506,0.6133603599803114,0.8483695265016541,0.2542817797918454
0.7827043126888064,0.8794301903066282,0.9718941037313771,0.07291642242676721
0.44796326700342115,0.9998049724353177,0.22269848613906462,0.4556482417550166
0.0474346797532228,0.6523689693254904,0.02454699725185916,0.17663370256193633
0.5575026362448382,0.9890579996503552,0.3176605491415265,0.2932777324206215
0.8351756686347657,0.7526713470343211,0.23717022156452605,0.7025061437377756
0.4039139600894265,0.5072382551438538,0.4969735240319323,0.7138885695315025
0.07453905594529342,0.6261963543366851,0.5780233086810684,0.5951133255893013
0.457266783577828,0.8744526587639327,0.6801518632305885,0.9524022824177361
0.8229377502498264,0.39567466250287486,0.09899427300407582,0.034840863256211496
0.818333383529252,0.9990730801926332,0.7547322401378138,0.6569585957809029
0.23119983684538714,0.10020085054881467,0.7040605695471616,0.4358239860961576
0.6590503962924846,0.5214130693304697,0.2037185128077058,0.09738813292515058
0.6640576231121557,0.3129610111365163,0.9059495623711983,0.8682455093715289
0.18676404957973325,0.9787170599420177,0.0020761382920743143,0.5778877150110606
0.23565422595180108,0.2948512385191534,0.17874370985035848,0.6934668111986937
0.5463030725397287,0.7232796044560057,0.4374934277261323,0.39925642181887555
0.5487481105720656,0.2272269743373223,0.12890411426056458,0.6352802368884554
0.19436387526062815,0.007308988014062878,0.9400876753421212,0.5502173576686207
0.08418665107554024,0.9812678910306667,0.9995341123519622,0.9012686422161156
0.5144671801152871,0.9832295366873536,0.0014618889315336503,0.07831751539046428
0.6768604148594574,0.5157612047508918,0.37021116569041324,0.5338067680948688
0.8496956973181131,0.7521829581318752,0.21160284313671363,0.4007718300841293
0.8242345063822574,0.5581440524151164,0.046266647620476054,0.17997011845023647
0.4272166660729151,0.33872363190433885,0.37102888773430054,0.5474800217413198
0.29143157783004536,0.7931050012761135,0.7129872666138399,0.8272805886581177
0.32717651485366084,0.5644377835113183,0.15656498944495834,0.23168223232048846
0.87889199942073,0.7802049023180739,0.3299078443351702,0.8041713468804201
0.37039705835534065,0.5607525771289296,0.8866638481262228,0.8554488887385688
0.2210003421596386,0.18308268237071557,0.3381742233821733,0.22245390775756568
0.2777314654307367,0.7760333549606867,0.041886460060236885,0.3653477924891271
0.7975205389933486,0.2918832897108694,0.04843928393198815,0.9089361924555802
0.24292759432102884,0.6289910481534843,0.5378587621845208,0.9723392174549816
0.6831496887181153,0.9284901988788409,0.36196270960070065,0.9414082960803232
0.1507237029675783,0.2013903238128949,0.5777422276696151,0.1478561317199496
0.2518585129946327,0.017954228191468524,0.36762968811031527,0.7557334969262604
0.4785833318134225,0.6081349524333893,0.7807939508875338,0.4447197484606036
0.5196570227568615,0.7308353009794192,0.32963829163590974,0.8790031352563265
0.1981287265670747,0.978228515940584,0.7318949108233481,0.5798422309064988
0.10251756704410586,0.8383735954579653,0.8250021035356236,0.7639028723070542
0.1385852162735013,0.05306290542586123,0.14894934359833822,0.5072309962914918
0.5571920396140256,0.004398206007915184,0.4153838584837414,0.7382024389410037
0.03906555677021695,0.42864548057397467,0.36974681016045985,0.8990057861073619
0.23901977184477063,0.47562129582402135,0.36098789302676515,0.7905507767158721
0.9706878336347142,0.09858377130368567,0.42050618772729786,0.9855482390031616
0.24409978569068214,0.45277775990655367,0.871047975183433,0.27418107147215665
0.7320173992390714,0.7695626161965513,0.07382733053970492,0.05170367989392177
0.9235534684111449,0.8183078099529709,0.8233374140365787,0.5230205004940117
0.7510410694612166,0.908697073915739,0.3036584097985572,0.04999412573465689
0.9000346590206382,0.2679289249143385,0.42708011219554576,0.11632807197890083
0.9260805927961655,0.9822398958021099,0.47241653954837526,0.30452509427675034
0.9660777744559863,0.2594166263733846,0.41631107284781954,0.3168055180598277
0.7306450403187889,0.7931391398931926,0.6989516951689005,0.9548117637477573
0.389321380790292,0.14641610452381704,0.09352406503756927,0.9151620305756732
0.43263024760890456,0.924612147842085,0.37161341341214993,0.10925785229988405
0.7309414081733474,0.30078674192897703,0.23007977390065049,0.29525241288071236
0.0847272276483062,0.3839656013397137,0.5694257703606933,0.4867700287659088
0.11858536223934135,0.46756034000931135,0.3329377148905751,0.7546774471269434
0.0865554891063639,0.5497152782440564,0.08444589741785591,0.2572740051423008
0.5147781783636581,0.9862864897117308,0.9976847371436506,0.04728546528659172
0.8466587274976296,0.8585991591899153,0.5611955730517425,0.7826938985949852
0.6254492526502295,0.4634293685467671,0.29511213764577315,0.7766525546640441
0.08687740699991642,0.3742146550643639,0.857489422542103,0.09967033919254453
0.5911007553241577,0.933088137977572,0.47431603392016186,0.41608589489163983
0.7427402891420241,0.3338380209664277,0.6597118163372482,0.664751317651289
0.6361556075040093,0.5991662573878039,0.2178952366722514,0.7907659609878459
0.8403657021970874,0.3442480084883973,0.37408540782381317,0.039687658354611854
0.45658874584665743,0.3361049378161952,0.7978675080337042,0.12470609794302501
0.11756276556594925,0.7357535749887812,0.7596976671311766,0.03495175987981869
0.44447985411062896,0.40933313836667395,0.32995768778100576,0.9860217423917133
0.36793752283563375,0.2548598381249022,0.17881339594761525,0.41517321321994194
0.9574313751528689,0.6775367133359566,0.7883722939211892,0.6500547552592197
0.9671605780328745,0.8769162779193372,0.6325261117510174,0.8611805496528391
0.4273623682241571,0.6123839964604996,0.10635321782956886,0.37433611037517156
0.3641323062782591,0.04307972052191111,0.557631489787679,0.196031084079627
0.5106704130894597,0.8840704150686447,0.40246356821034057,0.9189912932712171
0.7203134739756482,0.3420680248422424,0.9914470965763442,0.8843749132004273
0.45580685893611617,0.555555946741097,0.9987791248169441,0.8200389731970046
0.38364554722544275,0.6571512362151445,0.7960426097257197,0.7487775232584287
0.14267137436692678,0.09062478442670074,0.23475302922311103,0.42042411776666666
0.6693418817734018,0.6415140010637117,0.35963794441057206,0.442060480221641
0.6735871933363549,0.9295483648502864,0.402137370473888,0.9137096423614688
0.23814977744367727,0.9824051500615375,0.6323645576301814,0.07746777888689538
0.7085886080255624,0.5282059901118382,0.4196734085341205,0.7773938608781473
0.5573400036038231,0.6168205841301151,0.9787666658535491,0.48947055922254046
0.1608250932972609,0.08960218134889342,0.12392720874731278,0.7018391139969352
0.0008367677655847228,0.2871703605557382,0.8262580952551317,0.5136339520581568
0.7669572239768818,0.8032209988575033,0.28485703452565325,0.5896885353605443
0.8851447091536643,0.05677852419599405,0.30132280786778487,0.7760203912881131
0.13876065516701008,0.4037040344857822,0.357367256218292,0.22271021181111605
0.23272491090678582,0.7745028721036347,0.1812168075137064,0.08431156610016988
0.45985476515938484,0.5103866827734377,0.4787238812901612,0.017757593013775108
0.6301100271534329,0.9027733777182982,0.15677563461100508,0.9607261367957383
0.07871787488909243,0.8223893389598208,0.47633430249574127,0.5155798527005461
0.0435961279408551,0.13228897029721542,0.22152399394544597,0.5627013418771224
0.6459836404689779,0.018934635021800594,0.9232345690666709,0.9925167327075045
0.727232762908742,0.8246836670032135,0.5206670216676832,0.555996036835906
0.8389229831486068,0.698205014500015,0.02729716242487945,0.10744856104588574
0.8500825915449532,0.9638573978276704,0.9014113155045849,0.10672259688935626
0.1634465403361488,0.14555237674226096,0.9729938388009197,0.5339891870300644
0.6760715750826083,0.852112770876051,0.6175911185743196,0.22677130440701576
0.06256293152420456,0.1444069392740832,0.07912914250243597,0.16413804502892737
0.4980420242530963,0.0882351025564233,0.27435169676705373,0.3161942244868392
0.17964818682906902,0.0026104074198702865,0.6069648903158842,0.6193047688814578
0.9922713615286227,0.4928869919600638,0.7809547490403931,0.8539805944630686
0.6969245373497075,0.08636568660846677,0.16974670856115548,0.5255422060870679
0.6878908855522654,0.04375253472248952,0.748305953741155,0.5479956955490779
0.37332376786314136,0.03306074621646793,0.02588996643857011,0.4382188754630427
0.06875506220908978,0.1236503442879543,0.006824106982122213,0.8736676285300892
0.9186246730580364,0.9112535443331403,0.5305497079368037,0.32602974390315564
0.4027820940243537,0.6541534953835673,0.34953208994777496,0.3710697335997267
0.8357223784772796,0.22650273314279945,0.7396712386074965,0.8116624730126653
0.26313600892935773,0.5518744604188691,0.19782405079979826,0.06273599053431234
0.2736488531780127,0.6359059223340369,0.6114080387754712,0.2453920382283291
0.1972138953328776,0.24746003961757512,0.3233353812680535,0.5009057291504817
0.7457719051128493,0.6601521764646143,0.05768600999578555,0.1910498760057454
0.7516323575453773,0.14404837760133693,0.6099569516522981,0.24387411116926505
0.38182937728220523,0.15149574203962757,0.923084892273991,0.001363189995715386
0.7197542409931312,0.48111019564802526,0.7406865252015552,0.7048184244509291
0.22820411667953922,0.7944255518651735,0.2656227048246623,0.29508267704749025
0.5823608616078533,0.14224799760014206,0.5693855355918257,0.15724677873724424
0.9944226491516154,0.20984488565230897,0.41830952061119087,0.37211298431069884
0.8184557281344297,0.32062189989423295,0.6516040380572092,0.22006029714962794
0.06672396650131351,0.015512307440155415,0.4046892759430778,0.2058294975139202
0.5155109209262199,0.9892955305668331,0.6979856356286224,0.00553374065626111
0.18538162607640452,0.3049322977702834,0.5742175372270009,0.20083892629625022
0.1122726884338644,0.2290934311180931,0.45426931496975287,0.8728634881365513
0.8634843536975617,0.7451716172284083,0.24938730060185266,0.7561782773926417
0.09234434353903309,0.7851272466524477,0.09494789385995805,0.7160014158616539
0.6764510053512222,0.3413942284680418,0.13444168935829526,0.9449258185395286
0.9208985554878629,0.6995807856255,0.46887517212463026,0.7892209554415808
0.13097187846361025,0.9685809984966255,0.13721833935372485,0.1775175697674849
0.042469526588607476,0.8612720057470623,0.07844447417906986,0.7122334351147434
0.01707411563659489,0.019625668985549627,0.935211136263807,0.6271253038744816
0.9543775633447127,0.8378805209231214,0.9008829676488121,0.8394653435083396
0.6459243328144476,0.2809443085102099,0.5364797709058459,0.15634789910395475
0.9460838109266592,0.45106894783368257,0.03244814698303178,0.21182529175707154
0.27308038220628716,0.5494662421448562,0.937553365874053,0.15776270866218245
0.7438496688956643,0.25982840714562994,0.1309821462861489,0.04863294914450833
0.4185030837250123,0.9862744582028656,0.0492591665044636,0.4143534019565397
0.7776901464140833,0.4904296540046792,0.9667044692919122,0.030492890402321282
0.4404328464295636,0.27786879907791695,0.21134371774657645,0.8987200522069616
0.948959300346559,0.7642426432790519,0.9886239055707744,0.5447773340588873
0.15322788209060623,0.6775524892911826,0.6124249187017062,0.6021989904649129
0.2858593931735086,0.299419860011902,0.992991203586068,0.5658169888481784
0.435146252684285,0.7947281375958689,0.793017813770185,0.6184382395193602
0.6239950049334898,0.21892513339801656,0.1443149311137505,0.24126650654284598
0.8654119794133258,0.033613796876352464,0.8340606196905436,0.9734452663778376
0.06430205434422576,0.5722886476968193,0.5186201027339343,0.032499944022953975
0.4064406471104407,0.4948512400178896,0.2567676495083362,0.2518816784372
0.3633121186227759,0.7152538384981068,0.8771770842704675,0.17643920645107314
0.8183192209547218,0.3041636379816969,0.25136317830035326,0.522554786883891
0.5351342267747041,0.1551770976979896,0.20759582549813804,0.8597778743402374
0.6524661455797341,0.7977722607403964,0.6103702138938973,0.3417745241988668
0.451852563484047,0.8101494885706351,0.6210940701748209,0.6828522749717076
0.7421640948991578,0.3603759905729479,0.6677901868094909,0.6222657209517297
0.4808074379658631,0.11003388826441285,0.8976318179232509,0.02487423459754401
0.12459958438870655,0.31709907643878243,0.7294161738500516,0.5080827166046817
0.3448602335946357,0.2545585773123572,0.7079939041880549,0.23806457969214945
0.07638701197921738,0.5425158674275002,0.10544849027661751,0.0007521073689141788
0.8419333686576574,0.6106100791610604,0.7439969302036116,0.9853745072101073
0.4122757525430114,0.3828706194405641,0.4042441539294649,0.15333026167732156
0.2068240984902544,0.5120785441156105,0.02236387785728733,0.4147093037593268
0.09923731428644611,0.8644484570937083,0.05529278792826986,0.9495065458429665
0.9139479095718142,0.4194541438704089,0.4147098587457063,0.38709368048641857
0.15721933256846865,0.5942376761737851,0.8770745672180279,0.3714908773461857
0.6697684357994592,0.36992653847697965,0.9110285802150118,0.31161840078438685
0.12600846032991952,0.26780339957840416,0.5199865341736195,0.9806722798159203
0.573564344652065,0.7120590125345536,0.9890191469291026,0.09091418622567693
0.46560668575513775,0.08168324859814591,0.04076695166552191,0.09461721434395465
0.04735945487617166,0.5609365425450773,0.09377219496128641,0.35626099927492305
0.7579581173158486,0.0401318421757354,0.68229924069535,0.8804712966419368
0.8266679134834505,0.38776955730158935,0.7805976596248134,0.6968208715734158
0.9466408012324039,0.30962463875646073,0.3710939491270018,0.13150701294822953
0.2920181654768075,0.21907950310270352,0.06917083506193111,0.7734758064610986
0.9539217957949618,0.16231123514298296,0.3350023725732818,0.5241353796672972
0.6938726661911655,0.26879711114193716,0.6381571675709845,0.31797293739394084
0.5565640437406372,0.6944660565146951,0.5596875482847511,0.6227049966563493
0.9947680375544415,0.740167008946926,0.5349465023741145,0.6778620370344988
0.04250664529125947,0.6277058431862156,0.7700805516710145,0.2258667799019879
0.26858054404665954,0.0057689819073761806,0.9396431271525266,0.24534830757871984
0.469540967273964,0.4020363168279665,0.2082291081451696,0.7275688811453167
0.9864592425288418,0.09890966220894215,0.4068901114357608,0.3107484615839021
0.8827798396578623,0.3037290944426424,0.5295089615522562,0.320906037938253
0.8225529982740438,0.417725514058649,0.8492875208851791,0.841190469234999
0.5271054287550262,0.46592911209629573,0.7591879378530783,0.5945332304307848
0.5315031470834443,0.7706218185195205,0.19560031057099625,0.5847083635870641
0.8623871410538845,0.2141010858659853,0.1944785391194066,0.8477968722422999
0.30954952976507333,0.12383557246999188,0.9144307613107163,0.4984096546955895
0.710103193952518,0.3403711313389002,0.6973286833975366,0.8477999963756988
0.21608839853391304,0.4498912850327893,0.6258157746127624,0.759217272942652
0.3763537363184797,0.35987779880065096,0.7837205214598204,0.828386886951425
0.05249348313699831,0.6381084684588554,0.680919244680391,0.6506756953691901
0.020111553694056705,0.0792749234324941,0.8707557636613976,0.1404902247789409
0.11466098022867821,0.5234482769248379,0.8266785640562276,0.7343745956054029
0.6412964571296805,0.5296581933212021,0.8425829900534927,0.2789085910353021
0.11485863850227462,0.49155472652021204,0.7892013851138663,0.39873967283201806
0.007800443596054252,0.7144765812662297,0.08627098920599141,0.9746503968176985
0.45814787566614446,0.017058919501817038,0.8074836148551459,0.4734791207166803
0.5073771287668946,0.32560238667215424,0.28541672525904915,0.9191882316866328
0.489913313551413,0.11232758128574971,0.2748437922847269,0.8042127332374358
0.52926225329782,0.38966645628152474,0.30956316338968193,0.8864889641293525
0.7679251353245915,0.5741718100601314,0.19122209510386734,0.154517201199999
0.77306631007924,0.6385743064835734,0.21974900209310766,0.01366324752591741
0.8069171390413123,0.9926400426684291,0.3346862375931321,0.5755105752674639
0.23343470261974908,0.056128728887471446,0.613213763967161,0.6226009693712274
0.38225933388036526,0.6672543451063077,0.028861921459726658,0.6855347215441862
0.572225979415548,0.15237369615418128,0.9412935252729177,0.27628557423841427
0.2595728771936502,0.776028316994384,0.1759880945402782,0.5193887931050185
0.35248458224339496,0.08668236243791849,0.3540664719476586,0.2493523355439422
0.8761019977788362,0.6124920195710452,0.24217578134967122,0.6701379885784594
0.5480460116015621,0.8649050442071012,0.7834593546106607,0.2692472081720845
0.4768187239760183,0.7277182466753976,0.7754816808446302,0.10417595707931881
0.9514175783440716,0.6930473413203644,0.3525629042384766,0.8756925665014377
0.7702187650643751,0.3253437560415189,0.1840389087624812,0.148958595596688
0.8855686649062489,0.22144052708726714,0.37977199767572534,0.7534267529714255
0.35802466282945566,0.7754412532621087,0.9408101573168395,0.3616710195509396
0.7969361214353473,0.6157594427962584,0.9611277384614972,0.7413347943021629
0.15648599646814854,0.02240527550758109,0.18707499748733736,0.32913379900841444
0.1627562195440172,0.9367480714328076,0.45288597248393136,0.21526197825970783
0.708981917322618,0.09369786339796893,0.7036356239270032,0.31517825499000585
0.6697764942052488,0.7908353744069514,0.2355409698467369,0.8137362061058233
0.8783339576899022,0.9055753343528476,0.7654327784913603,0.8782183782023201
0.8073729320466989,0.34790115066311633,0.32011247337982196,0.1846664449225638
0.8430789816924049,0.7884886694623789,0.19545247754575767,0.8447040329416362
0.3093525076862075,0.6084778571960039,0.5951036642783977,0.09172402917121936
0.8253822133299439,0.6844074439060617,0.4248883247514431,0.3667316561913553
0.8856533744594802,0.4477670706453244,0.20134898424162184,0.651511688472175
0.34665151877441114,0.37017292936748436,0.9881519440038894,0.07674597844446351
0.8083524369354259,0.8872911459381096,0.4675324029030742,0.6998395256891892
0.5338192894018992,0.888496584146031,0.903858700293585,0.841342890922829
0.7114800739292582,0.4245951519766844,0.4127185643924005,0.9900154470735755
0.1958612990262728,0.3567435819133493,0.5334451236056256,0.8365632273548856
0.24799452236221997,0.6862112972577388,0.0911837041746133,0.6763585728687468
0.8203340117221266,0.23009484045977335,0.21494078829983054,0.6221432764494053
0.0910694896582015,0.06255654381744769,0.9069263165121306,0.7074210676780662
0.7776735824952421,0.13366830094521875,0.6859773423549971,0.4734545012232211
0.6699782615149003,0.18487908881803916,0.33557572870674446,0.8681464910572649
0.34789794862907253,0.20024644196720787,0.15792508045404519,0.10322972243193651
0.14749672391218205,0.4598815947705899,0.4050775375743516,0.40024148037765495
0.61084598883274,0.6863792629390338,0.7240089188614719,0.3435108250278003
0.9456221886130963,0.48266092699135965,0.4386996781413225,0.5577488212548017
0.7813068273372755,0.04417105933967891,0.7845013904454639,0.703566727675492
0.12471144056245775,0.5141770036804935,0.10650209783238829,0.4517230896833171
0.8545771586551,0.02020292357491449,0.9171910689834366,0.44436852741523647
0.015176565019031418,0.21544065198411777,0.7141398049350841,0.7247283174383083
0.8126045653399,0.11743509792854434,0.7961513842013813,0.09115601995789302
0.35772997596733136,0.3644829389337285,0.10916173296608223,0.4776389197472578
0.8180322361842428,0.42551228121750595,0.5260291506403705,0.10967428295549952
0.2924634794886556,0.2597396399210059,0.5123084772688438,0.784138740485754
0.7775415496562488,0.43552157934359303,0.9915719263479523,0.12618258826465134
0.08672633046942813,0.577788905247247,0.23444699946652126,0.9459596313608931
0.08309561752836125,0.6402288007675817,0.08512336587324798,0.6847411031489506
0.19689496027963305,0.7948871483172966,0.6957225666159638,0.7580108734919542
0.06580938049677476,0.5903850137538145,0.09862395235660615,0.955094248910003
0.8125668844490045,0.5077275360112716,0.317049214071224,0.5302722089715395
0.31420552344263397,0.7738237669268815,0.3442103516547932,0.5261829282096772
0.48190314041118,0.61878756503814,0.9756965204009809,0.5769524843658445
0.06063893290345401,0.6506784277418312,0.3554928820062683,0.19868945626873136
0.8028383162208019,0.9244376399034775,0.7868518796466677,0.45661901374031666
0.04708107251906757,0.4577136977174897,0.34851236874667013,0.2443351175885785
0.15610352668791594,0.44151249898346856,0.3859551369794837,0.8501919545229939
0.3601171246333642,0.13883481152729082,0.8546006499470133,0.37711400030025644
0.8085137802643625,0.3000522145296538,0.4972205820399893,0.4148221551445437
0.7822690391763589,0.9719022191991935,0.8010186745155699,0.46921195224439805
0.9951256434189516,0.2628784987572207,0.9207909365037256,0.9480339635606277
0.3267174102646856,0.7363191524428179,0.6122231603031901,0.6576078429614268
0.8077409140786175,0.21100742843759746,0.41173841718190796,0.6564208832778679
0.8267828518593218,0.29017916230717,0.01664136792521609,0.3265594816429407
0.025178954524590513,0.6517266649669189,0.02089123762079259,0.12050059931160328
0.5663970190750083,0.598742130093662,0.772907803936924,0.3642975519351692
0.05158672579471435,0.5497019410609149,0.8182716651521008,0.077050454297379
0.5279495902279423,0.18630814058388678,0.034091149136642795,0.6420818877205214
0.3812127960722048,0.25914356297841523,0.31513636215988994,0.6176920042388343
0.43263252733633406,0.3884311396608866,0.7426202350937551,0.40996265353531547
0.555742458798556,0.24583284698893282,0.5504371004556906,0.41580063750112106
0.822055608482654,0.024844878079405608,0.9929623614829509,0.7500636129161775
0.8910448698084492,0.7582045512302027,0.16337183800179,0.3425501404531166
0.9263543322089658,0.7392580668809385,0.28407576867641093,0.710659995643269
0.6672767685953483,0.7316367628165009,0.9916958291107132,0.7353954325556401
0.19858382231796523,0.18588699267102493,0.7157769183172206,0.41670973557120006
0.4103729532392578,0.6984556178850003,0.6057768356598837,0.1961355896220739
0.457956389196576,0.8300144397630808,0.24980059327618642,0.7774618233548789
0.3663469988650059,0.9997627878620566,0.446598141717802,0.883148455328789
0.7077748623134996,0.9662010666343449,0.880047079727197,0.1188732970487768
0.7633932411416956,0.15460318224869107,0.10797523681298282,0.011827690829585902
0.6711037632504326,0.7158605290105916,0.5315729259846468,0.1979622238859292
0.5544792592668194,0.6177780211194512,0.2566241313633789,0.17104365202802618
0.6193412535704711,0.9910639901280646,0.4807164078718976,0.7906980400500708
0.438475394515473,0.11817718110574493,0.426063075230799,0.3794728697978703
0.2639209846440672,0.5310943322729946,0.9607582597806125,0.9568722963450739
0.2610187197352054,0.09149042308172206,0.5258498898806839,0.27585748712480684
0.7714718386216912,0.8177279328758174,0.0887124459356946,0.044242915710552944
0.3609295021822396,0.9641103864859691,0.5063968696141026,0.4888369795245019
0.5382859641804336,0.3915145285437789,0.429562075760226,0.5484977185716817
0.6343543189254585,0.486997159985738,0.9769428573166704,0.3110521427665963
0.27969654858411064,0.07204061021237085,0.7197826888610064,0.18092721360435304
0.1783589617182979,0.5552915935022374,0.5314687231387648,0.3919274953446893
0.8393370177966688,0.2556740662151554,0.3476765494452211,0.9791883347573457
0.2839606701870555,0.8864224425246875,0.838515174614995,0.8553879700181292
0.1703467232761131,0.9064454914789914,0.2937239997224941,0.3850233901938076
0.5724405940987831,0.2645502361652289,0.6521266073254475,0.29177291402449657
0.8833201571152766,0.8420724013320768,0.1208540331568001,0.8937500479474563
0.18583607965150317,0.7299140607146043,0.720744118409498,0.7543919884530904
0.9077271518493026,0.20339692151255362,0.5552387021843862,0.23905396168334314
0.5116351335137947,0.9947483227800729,0.17602961709823195,0.3335767220658171
0.2965944991779004,0.8956300946714277,0.5145230276383338,0.19474535369141133
0.7707493513591306,0.18253254826417908,0.11868945841875544,0.1840280366154321
0.1719281692475394,0.5555749599765315,0.2688638514358105,0.841931831221578
0.6371896009724523,0.2442258505213576,0.8147488846821777,0.5215543052850574
0.31919544099201136,0.7163667298057201,0.02693003390863724,0.6932887916404492
0.01923068980383069,0.8277722489314253,0.4800448388907158,0.5811183890624929
0.09921340013017388,0.9876272116050122,0.7891991378427673,0.7078390816820281
0.527449162650174,0.6069273557806174,0.2458887243926825,0.9681438014169754
0.22600880543563429,0.49845387371692307,0.17687834089694743,0.6152483750539451
0.4492443527323623,0.3457979708261558,0.31817690398625365,0.00595971064715195
0.08237002631195711,0.8879685528609338,0.6729364106555311,0.005292014608531903
0.15733282092939305,0.9902655736114562,0.7844665370717677,0.7157685620298251
0.8525979294338033,0.998597486627224,0.5497649133544306,0.9952487611509941
0.6263993226997762,0.8461385227922212,0.6128711525995507,0.8823499605551166
0.6221987384992645,0.13093945936047413,0.8029873474511814,0.35817169155517203
0.07742862423597274,0.8336178025369875,0.05026636563417419,0.9032011141213712
0.850210026091223,0.16035334828779424,0.0961305230759889,0.5837554215816454
0.2111872097519435,0.8643071477541654,0.18844503361960163,0.08388863421040849
0.9310191750449659,0.17549112760715224,0.1480447735051552,0.19333721812020932
0.6771485567269461,0.7765694465080715,0.797297638467301,0.8001394452429679
0.4926671054512636,0.9168235158412924,0.28868820693357045,0.17569337999670664
0.8043860388209456,0.4636586920357181,0.422726536115843,0.08360865487317715
0.6891581942823517,0.3762354702931966,0.9892338966335742,0.7374204063780673
0.31102473727558155,0.2968777358983966,0.23616373095396614,0.33971735247019885
0.6229909334388811,0.411615966263325,0.011303433914229277,0.1313986806399856
0.42614624667739787,0.465189648928792,0.5025324876755964,0.07638620588414169
0.5837184656137334,0.10392577844002526,0.6398793594755756,0.17608177406476777
0.18630094150659493,0.8203160143949327,0.519419086870974,0.569142917261165
0.5511258931831094,0.32970710687610316,0.05793287871120678,0.27474594852965484
0.8540195898833525,0.5393766170855113,0.4367215586614799,0.9020281327840916
0.11690941673042765,0.867482551907085,0.9163323040052633,0.09656053536053222
0.8057026382221907,0.0695716054440042,0.9276068174370299,0.7591626993364212
0.9150888433750854,0.9545959505776817,0.10559964702318325,0.391972128123213
0.6429527590918086,0.876561292775572,0.33580486115899555,0.6370041655008593
0.5679384642470064,0.06613594506299836,0.9235519728295754,0.37012897215841567
0.6018322196235658,0.292714906526528,0.047996393699390016,0.6671510911340377
0.12356769833386694,0.5175535069625615,0.10233908362925126,0.5949273170582172
0.049397253440333966,0.045261910072061484,0.7306569968569563,0.5958389462766462
0.4083224349712118,0.12790529669528572,0.8913730320067769,0.24073966967791616
0.35391654401772443,0.3750357809398879,0.5572305977169646,0.873721384012867
0.7181493427502816,0.297570848590199,0.010828041217022855,0.32322102457590973
0.347725061976902,0.1270519871165794,0.9190992502144444,0.9486979981791179
0.4247561111700847,0.158544205566713,0.3969251808663652,0.34904621719201967
0.43522480433114363,0.7289037276116023,0.26758437932161816,0.035623859771751865
0.6379317042744868,0.7907581211791733,0.7530469812945241,0.5703605689514
0.5370539692609787,0.43195607054438323,0.7424326428213214,0.4950250957846192
0.45600804643417114,0.05624040528284835,0.47374263067178324,0.6399385375361344
0.3948906473697673,0.16997325285879494,0.22925147368072785,0.8352605150584753
0.4505782876821769,0.07625423958229505,0.09114163748887005,0.3804892116380887
0.07405504443781197,0.18810908496783163,0.6283495732069878,0.3035240200452656
0.5538458324104225,0.15588526129687474,0.47373832024940954,0.32612838810466593
0.9265233257591987,0.4646376942927768,0.973537126611118,0.6873231938052541
0.6399714067996364,0.37757865593649875,0.2074967342854218,0.9908363817512075
0.42727177922520465,0.5185114678376617,0.6578256815357879,0.6478347052439613
0.6918700999458147,0.7673999433700714,0.6219553517969947,0.7339265540301225
0.4300070682834808,0.023383077361671223,0.7404808607557,0.7388835288721682
0.7613498046151851,0.5383767340643414,0.5225419609743562,0.7990115243168608
0.4282074927998152,0.0012787147719310887,0.15522214228929043,0.284653708223369
